{
  "project_info": {
    "project_number": "270928067143",
    "firebase_url": "https://lazafron-35184.firebaseio.com",
    "project_id": "lazafron-35184",
    "storage_bucket": "lazafron-35184.appspot.com"
  },
  "client": [
    {
      "client_info": {
        "mobilesdk_app_id": "1:270928067143:android:f67236c11645fec317cf62",
        "android_client_info": {
          "package_name": "android.example.com.ownerapp"
        }
      },
      "oauth_client": [
        {
          "client_id": "270928067143-8mvpf5ur242il8vi8ria9pagtsv2dbu7.apps.googleusercontent.com",
          "client_type": 3
        }
      ],
      "api_key": [
        {
          "current_key": "AIzaSyAnjQulDLgndDOnVZ49YKSqcSPGYDA6EKA"
        }
      ],
      "services": {
        "appinvite_service": {
          "other_platform_oauth_client": [
            {
              "client_id": "270928067143-8mvpf5ur242il8vi8ria9pagtsv2dbu7.apps.googleusercontent.com",
              "client_type": 3
            }
          ]
        }
      }
    },
    {
      "client_info": {
        "mobilesdk_app_id": "1:270928067143:android:06c87287c15ef0d617cf62",
        "android_client_info": {
          "package_name": "android.example.com.tflitecamerademo"
        }
      },
      "oauth_client": [
        {
          "client_id": "270928067143-8mvpf5ur242il8vi8ria9pagtsv2dbu7.apps.googleusercontent.com",
          "client_type": 3
        }
      ],
      "api_key": [
        {
          "current_key": "AIzaSyAnjQulDLgndDOnVZ49YKSqcSPGYDA6EKA"
        }
      ],
      "services": {
        "appinvite_service": {
          "other_platform_oauth_client": [
            {
              "client_id": "270928067143-8mvpf5ur242il8vi8ria9pagtsv2dbu7.apps.googleusercontent.com",
              "client_type": 3
            }
          ]
        }
      }
    }
  ],
  "configuration_version": "1"
}